temperature,moisture,gas
50.76,62.38,296.33
40.68,41.35,445.75
53.62,68.1,446.47
53.17,48.91,453.85
37.59,55.71,221.8
56.42,51.81,280.71
45.92,43.18,540.21
55.1,79.96,428.53
59.37,28.38,131.25
55.12,46.89,367.44
48.98,40.75,487.1
66.05,47.15,690.51
40.92,32.11,413.77
48.93,40.54,383.42
35.72,56.76,634.03
51.3,89.68,443.14
46.47,43.93,574.45
38.51,46.98,247.69
55.35,46.98,512.52
35.77,59.02,247.39
36.04,57.14,308.3
48.86,53.05,238.04
45.97,47.99,259.38
44.53,47.44,558.81
48.84,67.74,594.65
51.71,49.03,421.2
35.57,58.18,598.81
42.6,56.66,580.48
47.35,52.49,483.96
49.53,67.75,483.83
46.26,68.59,315.26
55.69,66.75,233.8
54.52,62.17,259.11
42.03,64.13,381.73
55.66,54.34,361.61
54.47,67.63,442.37
35.57,67.08,273.41
47.06,64.06,383.42
21.8,43.39,199.12
42.34,54.02,530.16
54.6,43.27,376.93
15.25,90.32,72.0
40.67,45.89,396.86
54.46,63.16,513.05
37.11,47.1,493.85
15.48,-4.38,96.22
52.08,47.87,238.02
50.79,62.46,574.38
49.29,55.43,320.54
53.06,58.09,313.56
39.42,60.42,216.06
35.81,62.06,734.97
59.39,51.13,461.03
43.25,41.48,592.08
52.99,55.14,401.81
40.85,57.88,474.44
47.17,63.37,428.97
37.95,42.0,279.28
52.62,30.75,226.65
44.05,64.5,257.21
48.29,77.9,403.65
37.19,43.16,510.71
59.19,47.23,268.52
51.1,47.68,477.92
39.74,45.38,409.05
50.68,65.53,452.0
52.51,55.02,246.84
25.79,78.54,477.67
38.81,59.56,466.27
58.96,69.39,592.01
35.18,57.43,308.21
38.61,51.21,444.62
49.42,23.89,687.35
55.82,69.15,247.89
45.8,66.25,498.08
49.48,57.73,535.19
46.67,51.21,578.41
37.07,59.27,454.56
57.71,44.39,462.51
40.06,45.24,508.84
56.46,46.91,331.34
51.55,63.54,318.14
44.69,43.95,509.73
61.87,31.46,140.68
84.72,99.3,1057.14
37.25,66.03,551.68
30.88,78.94,489.18
38.25,57.98,505.57
92.75,3.44,1366.23
46.78,54.66,574.46
59.27,55.57,520.35
47.27,44.04,258.05
52.49,64.74,214.47
44.26,64.93,428.97
58.17,55.45,280.96
91.27,98.41,78.12
54.22,68.47,364.72
54.03,64.89,521.76
36.1,42.83,301.35
49.6,41.3,540.45
37.35,56.65,539.42
43.15,43.68,425.98
58.45,56.08,578.41
41.67,53.88,479.91
57.57,40.63,520.39
46.84,65.73,431.21
44.27,48.73,493.96
49.13,59.89,512.12
42.65,41.6,479.25
43.29,51.55,459.69
43.71,41.97,374.8
54.35,43.23,566.54
4.43,-0.58,1220.1
48.85,51.03,253.64
40.36,44.21,454.83
45.4,47.48,277.22
50.87,48.59,350.54
55.81,40.42,463.15
35.85,39.64,793.23
38.86,62.4,436.03
45.93,63.32,572.49
37.41,43.46,222.89
51.81,49.82,321.88
42.03,51.38,371.16
39.87,59.85,518.05
57.33,49.48,437.47
46.01,20.75,554.4
48.02,59.19,576.24
45.16,63.9,567.38
51.75,49.31,439.84
48.62,21.03,628.73
42.21,60.33,468.49
42.54,47.1,211.6
37.71,50.99,311.23
42.81,44.32,235.08
54.57,63.38,513.63
52.43,41.12,414.17
52.92,44.97,520.59
51.62,64.12,325.78
43.67,42.97,269.25
56.84,68.14,158.88
38.03,74.05,510.51
59.99,34.63,569.14
38.49,55.19,559.35
51.61,64.88,320.77
46.74,44.6,386.39
54.65,64.25,413.09
46.39,41.66,571.12
52.41,66.02,460.05
39.17,55.92,244.24
41.57,87.09,304.44
64.32,69.38,270.57
47.53,52.78,599.64
38.2,49.51,453.17
55.57,68.08,544.29
37.86,51.93,491.87
52.4,46.06,205.47
58.13,41.56,553.66
36.6,69.77,490.29
56.34,68.99,435.3
47.46,45.54,263.0
49.77,65.31,236.69
31.28,71.99,156.03
45.18,64.86,546.31
54.12,68.67,391.75
52.63,61.46,263.04
41.81,44.61,539.76
40.0,60.83,505.01
12.98,107.99,90.24
38.49,67.83,353.33
52.06,43.65,333.46
39.03,51.23,242.57
43.86,66.8,583.55
49.22,43.71,375.16
40.44,25.04,792.39
0.12,103.5,76.07
49.69,43.05,446.52
46.89,66.24,519.7
51.49,60.57,444.4
82.67,18.09,1276.6
45.97,67.48,392.36
54.67,45.99,345.68
35.54,44.19,403.34
39.26,65.0,216.94
57.4,52.51,389.67
59.23,44.32,220.66
59.05,57.83,564.26
53.96,49.54,249.97
46.55,52.38,534.76
36.46,67.99,204.92
51.25,45.44,262.09
78.58,-0.23,1433.41
53.95,66.72,254.96
44.71,31.61,356.63
45.21,52.57,248.77
46.23,48.54,295.42
46.09,44.94,252.84
46.15,53.62,236.18
45.64,41.77,445.3
41.65,49.31,202.17
45.0,55.0,300.0
32.38,0.0,299.0
32.38,0.0,278.0
32.38,0.0,276.0
32.38,0.0,359.0
32.19,0.0,333.0
32.25,0.0,335.0
32.25,0.0,333.0
32.19,0.0,234.0
32.19,0.0,227.0
32.13,0.0,230.0
32.38,3.0,395.0
32.0,3.0,455.0
31.56,5.0,405.0
31.44,5.0,399.0
31.44,6.0,433.0
31.44,6.0,430.0
31.37,7.0,425.0
31.37,7.0,466.0
31.37,8.0,467.0
31.37,8.0,449.0
31.37,8.0,248.0
31.37,8.0,239.0
31.25,8.0,240.0
31.19,8.0,246.0
31.06,8.0,248.0
31.0,8.0,251.0
31.0,8.0,254.0
30.94,8.0,251.0
30.94,8.0,242.0
30.88,7.0,243.0
30.88,8.0,257.0
30.88,8.0,259.0
30.94,8.0,275.0
30.94,8.0,268.0
31.0,8.0,273.0
31.0,9.0,281.0
31.06,8.0,475.0
31.12,8.0,519.0
31.12,8.0,561.0
31.12,8.0,556.0
31.19,8.0,554.0
31.25,8.0,549.0
31.25,8.0,551.0
31.31,8.0,547.0
31.31,7.0,545.0
31.31,7.0,539.0
31.37,8.0,534.0
31.37,7.0,531.0
31.37,7.0,527.0
31.37,7.0,528.0
31.44,8.0,525.0
31.44,7.0,520.0
31.44,6.0,525.0
31.5,7.0,525.0
31.44,6.0,517.0
31.5,7.0,511.0
31.5,6.0,513.0
31.5,6.0,509.0
31.5,6.0,511.0
31.56,6.0,507.0
31.56,6.0,506.0
31.56,6.0,504.0
31.56,6.0,500.0
31.56,6.0,503.0
31.56,6.0,496.0
31.62,5.0,498.0
31.62,5.0,492.0
31.62,5.0,493.0
31.62,6.0,497.0
31.62,6.0,494.0
31.62,6.0,492.0
31.62,6.0,496.0
31.69,6.0,495.0
31.69,5.0,491.0
34.25,19.0,404.0
34.19,19.0,275.0
34.13,18.0,255.0
34.13,18.0,245.0
34.06,21.0,295.0
34.06,20.0,347.0
34.06,19.0,350.0
34.0,19.0,340.0
34.0,19.0,343.0
34.0,18.0,343.0
33.94,21.0,334.0
33.94,19.0,337.0
33.94,20.0,219.0
33.88,20.0,213.0
33.88,20.0,226.0
33.81,20.0,222.0
33.81,20.0,228.0
33.81,20.0,230.0
33.81,20.0,241.0
33.81,20.0,245.0
33.81,21.0,342.0
33.81,21.0,390.0
33.81,21.0,399.0
33.81,20.0,395.0
33.81,20.0,400.0
33.81,20.0,403.0
33.81,20.0,399.0
33.75,20.0,400.0
33.75,20.0,397.0
33.75,20.0,395.0
33.75,20.0,402.0
33.75,21.0,244.0
33.75,21.0,241.0
33.75,20.0,234.0
33.75,20.0,235.0
33.69,20.0,249.0
33.75,21.0,246.0
33.75,21.0,243.0
33.75,20.0,246.0
33.75,20.0,245.0
33.75,20.0,249.0
33.75,20.0,243.0
33.75,20.0,230.0
33.75,20.0,231.0
33.69,20.0,228.0
33.69,20.0,230.0
33.69,20.0,222.0
33.63,20.0,228.0
33.63,21.0,223.0
33.63,20.0,223.0
33.63,21.0,236.0
33.56,21.0,235.0
33.56,20.0,238.0
33.56,20.0,240.0
33.56,21.0,237.0
33.5,21.0,239.0
33.5,21.0,238.0
33.44,21.0,243.0
33.44,20.0,240.0
33.44,21.0,239.0
33.44,20.0,241.0
33.44,21.0,238.0
33.44,20.0,237.0
33.38,21.0,237.0
33.38,20.0,237.0
33.38,20.0,238.0
33.38,20.0,234.0
33.31,20.0,238.0
33.31,20.0,234.0
33.38,20.0,231.0
33.31,20.0,235.0
33.31,20.0,233.0
33.25,20.0,235.0
33.25,20.0,236.0
33.25,20.0,237.0
33.25,20.0,234.0
33.19,20.0,238.0
33.25,20.0,233.0
33.19,20.0,240.0
33.19,20.0,237.0
33.13,20.0,239.0
33.19,20.0,236.0
33.13,20.0,236.0
33.13,20.0,238.0
33.13,20.0,237.0
33.06,20.0,237.0
33.13,20.0,232.0
33.06,20.0,239.0
31.56,2.0,327.0
30.75,11.0,272.0
31.0,12.0,255.0
31.12,13.0,255.0
31.19,14.0,243.0
31.19,14.0,234.0
31.19,15.0,247.0
31.12,15.0,243.0
31.12,16.0,244.0
31.12,16.0,242.0
31.12,16.0,249.0
31.12,16.0,236.0
31.12,16.0,251.0
31.12,17.0,253.0
31.12,17.0,255.0
31.19,17.0,251.0
31.19,17.0,246.0
31.25,17.0,253.0
31.25,17.0,243.0
31.25,17.0,257.0
31.19,17.0,261.0
31.19,17.0,262.0
31.19,17.0,255.0
31.19,17.0,258.0
31.19,17.0,265.0
31.19,18.0,251.0
31.19,18.0,311.0
31.19,18.0,278.0
31.19,18.0,276.0
31.19,18.0,270.0
31.19,18.0,272.0
31.19,18.0,274.0
31.19,17.0,271.0
31.25,17.0,262.0
31.25,18.0,260.0
31.25,17.0,246.0
31.31,18.0,255.0
31.31,18.0,260.0
31.37,18.0,269.0
31.37,18.0,256.0
31.44,18.0,257.0
31.44,18.0,254.0
31.44,18.0,261.0
31.44,18.0,263.0
31.44,18.0,260.0
31.44,18.0,268.0
31.44,18.0,253.0
31.44,18.0,287.0
31.44,18.0,278.0
31.5,18.0,270.0
31.56,18.0,272.0
31.62,18.0,265.0
31.62,18.0,274.0
31.69,18.0,272.0
31.69,17.0,278.0
31.75,18.0,278.0
31.75,18.0,273.0
31.75,18.0,272.0
31.75,18.0,274.0
31.75,18.0,271.0
31.75,18.0,270.0
31.81,18.0,271.0
31.81,18.0,274.0
31.81,18.0,280.0
31.81,18.0,267.0
31.81,18.0,273.0
31.87,18.0,273.0
31.87,18.0,271.0
31.62,26.0,270.0
31.56,26.0,248.0
31.62,25.0,239.0
31.56,25.0,239.0
31.56,25.0,229.0
31.5,25.0,232.0
31.5,26.0,318.0
31.44,26.0,353.0
31.5,26.0,347.0
31.5,26.0,356.0
31.5,26.0,348.0
31.5,26.0,340.0
31.44,26.0,313.0
31.44,26.0,321.0
31.44,26.0,319.0
31.44,26.0,325.0
31.44,26.0,318.0
31.5,26.0,328.0
31.62,25.0,258.0
31.69,25.0,270.0
31.75,25.0,323.0
31.81,25.0,340.0
31.81,25.0,284.0
31.81,25.0,345.0
